tag,名称,时代,详细年代,类别,进阶类别,尺寸,材质,外观形式,工艺,主题,位置,标签,产地,来源,原名,风格流派,款识印记,题跋,文字释文,作者
photo_001,绿釉贴塑人面纹陶壶,南北朝,北朝,陶器,日用品,高 26.5 厘米，口径 11.1 厘米，底径 11.8 厘米,陶,壶,绿釉、贴花,抽象花样、几何纹、人物,中国古代陶瓷馆,陶 北朝 日用品 壶 绿釉 贴花 抽象花样 几何纹 人物,,,,,,,,
photo_002,绿釉模印花卉纹花口盘,唐,,瓷器,日用品,高 3.5 厘米，口长 18.5 厘米，底长 7.9 厘米,瓷,盘,绿釉、印花,花卉,中国古代陶瓷馆,瓷 日用品 盘 长沙窑 绿釉 印花 花卉,长沙窑,李雪莱、林嗣淇捐赠,,,,,,
photo_003,青釉刻划花卉纹粮罂瓶,宋,北宋,瓷器,日用品,通高 24.6 厘米，口径 9.7 厘米，腹径 15.5 厘米，足径 8.2 厘米,瓷,瓶,青釉、刻划,云纹、莲花,中国古代陶瓷馆,瓷 北宋 日用品 瓶 越窑 青釉 刻划 云纹 莲花,越窑,,越窑青釉刻划花卉纹粮罂瓶,,,,,
photo_004,白地黑彩云雁纹罐,元,,瓷器,日用品,高 33.8 厘米，口径 17.5 厘米，底径 14.6 厘米，腹围 114.5 厘米，腹径 36.3 厘米,瓷,罐,彩绘,,中国古代陶瓷馆,瓷 日用品 罐 磁州窑 彩绘 云纹 雁 弦纹,磁州窑,,磁州窑白地黑彩云雁纹罐,云纹、雁、弦纹,,,,
photo_005,珍珠地划花花卉纹瓶,宋,北宋,瓷器,日用品,高 39.2 厘米，口径 7 厘米，足径 9 厘米,瓷,瓶,划花,珍珠地,中国古代陶瓷馆,瓷 北宋 日用品 瓶 登封窑 划花 珍珠地,登封窑,,登封窑珍珠地划花梅瓶,,,,,
photo_006,五彩鱼藻纹罐,明,嘉靖,瓷器,日用品,高 35.3 厘米，口径 20.3 厘米，底径 25.5 厘米，腹径 40.4 厘米，腹围 127.5 厘米,瓷,罐,五彩,鱼、莲叶、水草、莲瓣纹、火焰纹,中国古代陶瓷馆,瓷 嘉靖 日用品 罐 景德镇窑 五彩 鱼 莲叶 水草 莲瓣纹 火焰纹,景德镇窑,,景德镇窑五彩鱼藻纹罐,,,,,
photo_007,青花龙凤纹环耳瓶,明,万历,瓷器,日用品,高 20 厘米，口径 4.7 厘米，足径 8.1 厘米,瓷,瓶,青花,龙、凤、云纹、神兽、花朵纹、草叶、卷草纹,中国古代陶瓷馆,瓷 万历 日用品 瓶 景德镇窑 青花 龙 凤 云纹 神兽 花朵纹 草叶 卷草纹,景德镇窑,倪汉克捐赠,景德镇窑万历款青花龙凤纹环耳瓶,,大明万历年制,,,
photo_008,青花孔雀牡丹纹瓶,明,正统-天顺,瓷器,日用器,高 35.5 厘米，口径 6.1 厘米，底径 12.1 厘米，腹径 20.5 厘米,瓷,瓶,青花,牡丹、孔雀、弦纹、莲瓣纹,中国古代陶瓷馆,瓷 正统-天顺 日用器 瓶 景德镇窑 青花 牡丹 孔雀 弦纹 莲瓣纹,景德镇窑,,景德镇窑青花孔雀牡丹纹瓶,,,,,
photo_009,豆青釉刻花云纹水盂,清,康熙,瓷器,日用品,高 6.5 厘米，口径 4.3 厘米，足径 8.1 厘米,瓷,水盂,豆青釉、刻花,云纹,中国古代陶瓷馆,瓷 康熙 日用品 水盂 景德镇窑 豆青釉 刻花 云纹,景德镇窑,,景德镇窑豆青釉刻花云龙纹水盂,,大清康熙年制,,,
photo_010,青花唐英题记缠枝莲纹觚,清,乾隆五年,瓷器,陈设/观赏品,高 64.7 厘米，口径 26.7 厘米，底径 23.5 厘米，腹径 18.4 厘米,瓷,觚,青花,如意纹、回纹、莲瓣纹、草叶、缠枝纹、莲花、开光,中国古代陶瓷馆,瓷 乾隆五年 陈设/观赏品 觚 景德镇窑 青花 如意纹 回纹 莲瓣纹 草叶 缠枝纹 莲花 开光,景德镇窑,,景德镇窑唐英款青花串枝莲纹觚,,养心殿总监造钦命督理江西陶政兼管江南淮宿海三关暨江西九江湖口大孤塘等关税课内务府庆丰司员外郎兼佐领加五级沈阳唐英敬制,养心殿总监造 钦命督理江西陶政兼管江南淮宿海三关暨江西九江湖口大孤塘等关税课 内务府庆丰司员外郎兼佐领加五级沈阳唐英敬制五供全分虔献东直门外伪背さ甏逅牡澜侄口天仙圣母殿前永远供奉 大清乾隆五年十月 朔日,,
photo_011,青花胭脂红福寿纹螭耳瓶,清,乾隆,瓷器,日用品,高 53.3 厘米，口径 14.3 厘米，底径 18.4 厘米，腹围 89.0 厘米，径 27.9 厘米,瓷,瓶,青花、彩绘,云纹、蝙蝠、寿字,中国古代陶瓷馆,瓷 乾隆 日用品 瓶 景德镇窑 青花 彩绘 云纹 蝙蝠 寿字,景德镇窑,,景德镇窑青花胭脂红福寿纹龙耳瓶,,大清乾隆年制,,,
photo_012,粉彩石榴纹戟耳瓶,清,嘉庆,瓷器,日用品,高 27.2 厘米，口径 10.8 厘米，底径 11.6 厘米,瓷,瓶,粉彩,石榴、几何纹,中国古代陶瓷馆,瓷 嘉庆 日用品 瓶 景德镇窑 粉彩 石榴 几何纹,景德镇窑,,景德镇窑粉彩石榴纹戟耳瓶,,大清嘉庆年制,,,
photo_013,蓝釉描金缠枝花卉纹三管瓶,清,咸丰,瓷器,陈设/观赏品,高 27.1 厘米，口径 2.5 厘米，底径 8.9 厘米,瓷,瓶,蓝釉、描金,缠枝纹、回纹、莲瓣纹、吉庆有余、蝙蝠、吉祥,中国古代陶瓷馆,瓷 咸丰 陈设/观赏品 瓶 景德镇窑 蓝釉 描金 缠枝纹 回纹 莲瓣纹 吉庆有余 蝙蝠 吉祥,景德镇窑,,景德镇窑蓝釉描金花卉纹三管瓶,,大清咸丰年制,,,
photo_014,粉彩花鸟纹瓜楞瓶,清,雍正,瓷器,日用品、陈设,高 45 厘米，口径 12.4 厘米，底径 13.6 厘米,瓷,瓶,粉彩,花鸟,中国古代陶瓷馆,瓷 雍正 日用品 陈设 瓶 景德镇窑 粉彩 花鸟,景德镇窑,,景德镇窑粉彩花鸟纹瓜楞形瓶,,,,,
photo_015,釉里红鱼藻纹缸,清,康熙,瓷器,日用品,高 28.9 厘米，口径 32.1 厘米，底径 25.9 厘米，腹径 131.3 厘米,瓷,缸,釉里红,波浪、荷叶、水草、鱼,中国古代陶瓷馆,瓷 康熙 日用品 缸 景德镇窑 釉里红 波浪 荷叶 水草 鱼,景德镇窑,,景德镇窑釉里红鱼藻纹缸,,,,,
photo_016,青釉刻花花卉纹执壶,明,,瓷器,日用品,高 32 厘米，口径 8.6 厘米，底径 10.1 厘米，流至把长 23.6 厘米,瓷,执壶,青釉、刻划,花卉,中国古代陶瓷馆,瓷 日用品 执壶 龙泉窑 青釉 刻划 花卉,龙泉窑,,龙泉窑青釉印花执壶,,,,,
photo_017,白釉贴花鹤鹿纹葫芦瓶,清,,瓷器,日用品、陈设/观赏品,高 36.5 厘米，口径 5.2 厘米，底径 11.4 厘米，腹围 61.5 厘米,瓷,葫芦瓶,白釉、贴花,山石、岁寒三友、鹿、鹤、长寿,中国古代陶瓷馆,瓷 日用品 陈设/观赏品 葫芦瓶 漳州窑 白釉 贴花 山石 岁寒三友 鹿 鹤 长寿,漳州窑,,漳州窑白釉贴花松竹梅鹤鹿纹葫芦瓶,,,,,
photo_018,景德镇窑五彩描金花蝶纹攒盘,清,康熙,瓷器,日用品,连盖高 15.4 厘米，底径 33.5 厘米，腹围 133.7 厘米,瓷,盘,五彩、描金,花卉、蝴蝶,诗心造物――江南工艺的世界,瓷 康熙 日用品 盘 景德镇窑 五彩 描金 花卉 蝴蝶,景德镇窑,,景德镇窑五彩花果纹十二格盘,,,,,
photo_019,景德镇窑红彩双鹿纹鸟食罐,清,嘉庆,瓷器,玩具,高 3.9 厘米，口径 5.2 厘米,瓷,鸟食罐,釉上彩,鹿,诗心造物――江南工艺的世界,瓷 嘉庆 玩具 鸟食罐 景德镇窑 釉上彩 鹿,景德镇窑,1956 年顾丽江捐赠,,,,,,
photo_020,景德镇窑青花缠枝牡丹纹瓶,元,,瓷器,日用品,高 41.9 厘米，口径 6.1 厘米，足径 13.9 厘米,瓷,瓶,青花,卷草纹、缠枝莲花纹、缠枝牡丹纹、仰莲瓣纹,,瓷 日用品 瓶 景德镇窑 青花 卷草纹 缠枝莲花纹 缠枝牡丹纹 仰莲瓣纹,景德镇窑,,,,,,,
photo_021,粉彩描金伯顿与海德家族纹章壶,清,雍正,瓷器,日用品,高 24.8厘米 ，口径 11.4厘米 ，足径 10.0厘米,瓷,壶,广彩、描金,符号、花边、灵芝、莲花、缠枝纹,陶瓷与中外交流专题馆,瓷 雍正 日用品 壶 景德镇窑 广彩 描金 符号 花边 灵芝 莲花 缠枝纹,景德镇窑,,广彩描金纹章纹壶,,,,,
photo_022,青花英国东印度公司纹章盘,清,乾隆、嘉庆,瓷器,日用品,高 5.2厘米 ，口径 24.5厘米 ，底径 14.8厘米,瓷,盘,青花,符号、几何纹、蝴蝶、花卉、花边,陶瓷与中外交流专题馆,瓷 乾隆 嘉庆 日用品 盘 景德镇窑 青花 符号 几何纹 蝴蝶 花卉 花边,景德镇窑,胡惠春、王华云捐赠,清乾隆景德镇窑青花纹章图盘,,,,,
photo_023,广彩波内家族纹章汤盆,清,乾隆,瓷器,日用品,盖高 9.0厘米 ，盆高 9.8厘米 ，盘高 3.9厘米 ，盘口 35 × 26.8厘米 ，盘底 23.4 × 15.4厘米,瓷,盆,广彩、描金,符号、花鸟、缠枝花,陶瓷与中外交流专题馆,瓷 乾隆 日用品 盆 景德镇窑 广彩 描金 符号 花鸟 缠枝花,景德镇窑,,广彩描金纹章纹盆,,,,,
photo_024,青花海水飞马纹碗,明,万历,瓷器,日用品,高 10.3厘米 ，口径 21.8厘米 ，足径 8.8厘米,瓷,碗,青花、印花,马、神兽、如意纹、波涛纹、弦纹,陶瓷与中外交流专题馆,瓷 万历 日用品 碗 景德镇窑 青花 印花 马 神兽 如意纹 波涛纹 弦纹,景德镇窑,叙利亚,景德镇窑青花刻花飞马纹碗,,,,,
photo_025,青花花卉纹高足杯,其他,15世纪,瓷器,日用品,高 9.4厘米 ，口径 9.3厘米 ，足径 3.7厘米,瓷,高足杯,青花,花卉、缠枝纹、如意纹,陶瓷与中外交流专题馆,瓷 15世纪 日用品 高足杯 越南 青花 花卉 缠枝纹 如意纹,越南,,15世纪越南青花缠枝菊花纹高足杯,,,,,
photo_026,青花开光锦地花卉纹瓶,其他,15世纪、16世纪,瓷器,日用品,高 25.5厘米 ，底径 7.5厘米,瓷,瓶,青花,花卉、草叶、几何纹,陶瓷与中外交流专题馆,瓷 15世纪 16世纪 日用品 瓶 越南 青花 花卉 草叶 几何纹,越南,,15-16世纪越南青花开光花卉纹瓶,,,,,
photo_027,白釉蓝彩开光博古花卉纹瓶,其他,17世纪,陶器,日用品,高 27.1厘米 ，口径 5.0厘米 ，足径 11.5厘米,陶,瓶,彩绘,花卉、花边、如意纹、几何纹,陶瓷与中外交流专题馆,陶 17世纪 日用品 瓶 葡萄牙 彩绘 花卉 花边 如意纹 几何纹,葡萄牙,,,,,,,
photo_028,白釉蓝彩开光狮纹盘,其他,17世纪,陶器,日用品,高 5.0厘米 ，口径 39.0厘米 ，足径 24.3厘米,陶,盘,彩绘,狮子、花卉、花边、几何纹,陶瓷与中外交流专题馆,陶 17世纪 日用品 盘 葡萄牙 彩绘 狮子 花卉 花边 几何纹,葡萄牙,,,,,,,
photo_029,白釉蓝彩开光花卉纹罐,其他,17世纪,陶器,日用品,高 37.9厘米 ，口径 16.8厘米 ，底径 19.3厘米,陶,罐,彩绘,花卉、如意纹、几何纹、花边,陶瓷与中外交流专题馆,陶 17世纪 日用品 罐 葡萄牙 彩绘 花卉 如意纹 几何纹 花边,葡萄牙,,,,,,,
photo_030,白釉蓝彩开光狮纹盘,其他,17世纪,陶器,日用品,口径 34.5 厘米,陶,盘,彩绘,建筑、狮子、花卉、人物、器具、花边,陶瓷与中外交流专题馆,陶 17世纪 日用品 盘 荷兰代尔夫特 彩绘 建筑 狮子 花卉 人物 器具 花边,荷兰代尔夫特,,,,,,,
photo_031,广彩徽章纹盘,清,乾隆,瓷器,日用品,口径 23.1 厘米,瓷,盘,广彩,花卉、符号、文字,陶瓷与中外交流专题馆,瓷 乾隆 日用品 盘 广东 广彩 花卉 符号 文字,广东,,,,,,,
photo_032,五彩花卉纹香料盒,清,乾隆,瓷器,日用品,高 8.4厘米 ，长 13.6厘米,瓷,盒,五彩,花卉,陶瓷与中外交流专题馆,瓷 乾隆 日用品 盒 景德镇窑 五彩 花卉,景德镇窑,,,,,,,
photo_033,白釉红蓝彩花卉纹盘,其他,18世纪,瓷器,日用品,口径 22.2 厘米,瓷,盘,描金、青花红彩,花卉、蝴蝶、鸟,陶瓷与中外交流专题馆,瓷 18世纪 日用品 盘 意大利多西亚 描金 青花红彩 花卉 蝴蝶 鸟,意大利多西亚,,,,,,,
photo_034,青花红彩描金花卉纹盘,清,康熙,瓷器,日用品,口径 31.2 厘米,瓷,盘,青花红彩、描金、,花卉、蝴蝶,陶瓷与中外交流专题馆,瓷 康熙 日用品 盘 景德镇窑 青花红彩 描金 花卉 蝴蝶,景德镇窑,,,,,,,
photo_035,彩陶几何网格纹壶,新石器时代,马家窑文化半山类型,陶器,日用品,高 30.3 厘米，口径 16.2 厘米，底径 11.6 厘米,陶,壶,彩绘,网纹,中国古代陶瓷馆,陶 马家窑文化半山类型 日用品 壶 甘肃 彩绘 网纹,甘肃,,马家窑文化半山类型彩陶网纹双系壶,,,,,
photo_036,黑陶刻纹盖罐,新石器时代,崧泽文化,陶器,日用品,通高 26.2 厘米，口径 15.2 厘米,陶,罐,刻划,几何纹,中国古代陶瓷馆,陶 崧泽文化 日用品 罐 青浦 刻划 几何纹,青浦,上海市青浦区崧泽遗址59号墓出土,崧泽文化黑陶刻纹盖罐,,,,,
photo_037,白陶刻纹尊,商,商晚期,陶器,礼器,,陶,尊,印花,勾连雷纹,中国古代陶瓷馆,陶 商晚期 礼器 尊 印花 勾连雷纹,,叶叔重捐赠,,,,,勾连纹、雷纹、兽面纹、龙,
photo_038,印纹陶方格纹曲柄罐,战国,,陶器,日用品,连把高 12.2 厘米，口径 8.3 厘米,陶,罐,印花,几何纹,中国古代陶瓷馆,陶 日用品 罐 印花 几何纹,,上海市金山区戚家墩遗址出土,印纹陶把杯,,,,,
photo_039,青釉刻花莲瓣纹四系罐,南北朝,北齐,瓷器,日用品,高 16.7 厘米，口径 6.5 厘米，底径 9 厘米,瓷,罐,青釉,莲花,中国古代陶瓷馆,瓷 北齐 日用品 罐 青釉 莲花,,,青釉刻莲瓣纹四系罐,,,,,
photo_040,黑陶划花飞鹿纹壶,南北朝,北魏,陶器,日用品,高 40 厘米，口径 19.6 厘米，底径 11 厘米,陶,壶,划花、贴花,鹿、莲瓣纹、几何纹,中国古代陶瓷馆,陶 北魏 日用品 壶 划花 贴花 鹿 莲瓣纹 几何纹,,李浩捐赠,,,,,,
photo_041,青花缠枝花卉纹洗,明,永乐,瓷器,日用品,高 12.0厘米 ，口径 26.1厘米 ，底径 18.1厘米,瓷,洗,青花,缠枝纹、水波纹、花边,陶瓷与中外交流专题馆,瓷 永乐 日用品 洗 景德镇窑 青花 缠枝纹 水波纹 花边,景德镇窑,,景德镇窑青花缠枝花卉纹洗,,,,,
photo_042,青花几何花卉纹卧壶,明,永乐,瓷器,日用品、陈列/观赏品,高 39.1厘米 ，口径 6.2厘米 ，腹径 39.0厘米,瓷,扁壶,青花,几何纹、缠枝纹、花卉,陶瓷与中外交流专题馆,瓷 永乐 日用品 陈列/观赏品 扁壶 景德镇窑 青花 几何纹 缠枝纹 花卉,景德镇窑,,景德镇窑青花缠枝莲纹卧壶,,,,,
photo_043,青花花卉纹八方烛台,明,永乐、宣德,瓷器,日用品,高 29.8厘米 ，口径 8.7厘米 ，底径 21.8厘米,瓷,烛台,青花,花卉、草叶,陶瓷与中外交流专题馆,瓷 永乐 宣德 日用品 烛台 景德镇窑 青花 花卉 草叶,景德镇窑,,景德镇窑青花花卉纹八角烛台,,,,,
photo_044,青花缠枝花卉纹扁壶,明,永乐,瓷器,日用品,高 45.1厘米 ，口径 8.3厘米 ，足纵 9.6厘米 ，足横 14.4厘米,瓷,扁壶,青花,缠枝纹、花卉,陶瓷与中外交流专题馆,瓷 永乐 日用品 扁壶 景德镇窑 青花 缠枝纹 花卉,景德镇窑,,景德镇窑青花缠枝花卉纹扁壶,,,,,
photo_045,青花凤穿花卉纹盘,明,弘治 、 正德,瓷器,日用品,高 6.2厘米， 口径 32.2厘米， 足径 19.5厘米,瓷,盘,青花,莲花、缠枝纹、凤、锦地,陶瓷与中外交流专题馆,瓷 弘治<span> </span>正德 日用品 盘 景德镇窑 青花 莲花 缠枝纹 凤 锦地,景德镇窑,,景德镇窑青花缠枝莲双凤纹盘,,,,,
photo_046,青花缠枝花卉莲池纹大碗,明,弘治、正德,瓷器,日用品,高 12.5厘米 ，口径 32.2厘米 ，足径 15.4厘米,瓷,碗,青花,池塘、一把莲、牡丹、缠枝纹、花边,陶瓷与中外交流专题馆,瓷 弘治 正德 日用品 碗 景德镇窑 青花 池塘 一把莲 牡丹 缠枝纹 花边,景德镇窑,叙利亚,景德镇窑青花缠枝牡丹莲池纹碗,,,,,
photo_048,青花双凤纹盘,明,嘉靖,瓷器,日用品,高 6.2厘米 ，口径 30.1厘米 ，足径 17.9厘米,瓷,盘,青花,凤、杂宝,陶瓷与中外交流专题馆,瓷 嘉靖 日用品 盘 景德镇窑 青花 凤 杂宝,景德镇窑,叙利亚,景德镇窑青花双凤纹盘,,,,,
photo_049,青花葡萄牙王室徽章纹盘,明,正德 、 嘉靖,瓷器,日用品,高 6.0厘米 ，口径 29.0厘米 ，足径 19.3厘米,瓷,盘,青花,符号、狮子戏球,陶瓷与中外交流专题馆,瓷 正德<span> </span>嘉靖 日用品 盘 景德镇窑 青花 符号 狮子戏球,景德镇窑,,景德镇窑青花葡萄牙王室徽章纹盘,,,,,
photo_050,青花开光博古花卉纹瓶,明,万历、天启,瓷器,日用品,高 29.2厘米 ，口径 4.0厘米 ，足径 9.4厘米,瓷,瓶,青花,开光、博古、花卉、草叶,陶瓷与中外交流专题馆,瓷 万历 天启 日用品 瓶 景德镇窑 青花 开光 博古 花卉 草叶,景德镇窑,万历号沉船出水 金乐琦、董建平捐赠,景德镇窑青花开光花卉纹瓶,,,,,
photo_051,青花花鸟纹方瓶,明,天启,瓷器,日用品,高 26.0厘米 ，口径 2.6厘米 ，底 9.9 × 10.0厘米,瓷,瓶,青花,花鸟、缠枝纹,陶瓷与中外交流专题馆,瓷 天启 日用品 瓶 景德镇窑 青花 花鸟 缠枝纹,景德镇窑,,景德镇窑花鸟纹方瓶,,,,,
photo_052,五彩描金锦地花卉纹执壶,明,嘉靖,瓷器,日用品,高 27.0厘米 ，口径 5.9厘米 ，底径 8.1厘米,瓷,执壶,五彩、描金,开光、锦地、花鸟、草叶、杂宝,陶瓷与中外交流专题馆,瓷 嘉靖 日用品 执壶 景德镇窑 五彩 描金 开光 锦地 花鸟 草叶 杂宝,景德镇窑,,景德镇窑五彩描金执壶,,,,,
photo_053,青花红地描金缠枝番莲纹碗,明,嘉靖,瓷器,日用品,高 6.1厘米 ，口径 11.9厘米 ，底径 4.5厘米,瓷,碗,红釉、描金、青花,缠枝纹、山石、波浪、鸟、日、几何纹、花朵纹,陶瓷与中外交流专题馆,瓷 嘉靖 日用品 碗 景德镇窑 红釉 描金 青花 缠枝纹 山石 波浪 鸟 日 几何纹 花朵纹,景德镇窑,,景德镇窑红地描金缠枝花碗,,富贵佳器,,,
photo_054,红绿彩锦地开光花卉纹盖盒,明,万历,瓷器,日用品,高 6.7厘米 ，口径 11.9厘米 ，底径 8.0厘米,瓷,盒,红绿彩,开光、锦地、花卉、蔬果,陶瓷与中外交流专题馆,瓷 万历 日用品 盒 景德镇窑 红绿彩 开光 锦地 花卉 蔬果,景德镇窑,,景德镇窑锦地开光红绿彩盒,,,,,
photo_055,五彩锦地开光纹三足炉,明,嘉靖、万历,瓷器,日用品,高 8.0厘米 ，口径 15.5厘米,瓷,薰炉,五彩、描金、镂雕,开光、锦地、云纹、鸟,陶瓷与中外交流专题馆,瓷 嘉靖 万历 日用品 薰炉 景德镇窑 五彩 描金 镂雕 开光 锦地 云纹 鸟,景德镇窑,,景德镇窑五彩描金三足炉,,,,,
photo_056,五彩锦地纹方盘（一对）,明,天启、崇祯,瓷器,日用品,高 3.5厘米 ，口边长 13.4厘米 ，底边长 8.2厘米,瓷,盘,五彩,花朵纹、几何纹、花卉,陶瓷与中外交流专题馆,瓷 天启 崇祯 日用品 盘 景德镇窑 五彩 花朵纹 几何纹 花卉,景德镇窑,,,,,,,
photo_057,漳州窑蓝地白花花卉纹盘,明,明后期,瓷器,日用品,高 9.7厘米 ，口径 38.0厘米 ，底径 16.8厘米,瓷,盘,彩绘,花卉,陶瓷与中外交流专题馆,瓷 明后期 日用品 盘 漳州窑 彩绘 花卉,漳州窑,,明漳州窑蓝地白花盘,,,,,
photo_058,德化窑白釉贴松鹿纹杯,明,明末清初,瓷器,日用品,高 8.3厘米 ，口横 11.0厘米 ，口纵 10.5厘米,瓷,杯,白釉、贴花,松、鹿、云纹、龙,陶瓷与中外交流专题馆,瓷 明末清初 日用品 杯 德化窑 白釉 贴花 松 鹿 云纹 龙,德化窑,,德化窑堆花杯,,,,,
photo_059,酱釉青花如意花卉纹葫芦瓶,清,康熙,瓷器,日用品,高 26.0厘米 ，口径 3.9厘米 ，足径 6.7厘米,瓷,瓶,酱色釉、青花,花朵纹、如意纹、叶纹、花卉、蝴蝶,陶瓷与中外交流专题馆,瓷 康熙 日用品 瓶 景德镇窑 酱色釉 青花 花朵纹 如意纹 叶纹 花卉 蝴蝶,景德镇窑,倪汉克捐赠,景德镇窑酱色釉青花如意花卉纹葫芦瓶,,,,,
photo_060,青花约翰内斯?坎普赫斯纹章盘,清,康熙,瓷器,日用品,高 2.1厘米 ，口径 25.7厘米 ，足径 14.6厘米,瓷,盘,青花,符号、仕女、活动、庭院、树、花卉、山石、家具、器具,陶瓷与中外交流专题馆,瓷 康熙 日用品 盘 景德镇窑 青花 符号 仕女 活动 庭院 树 花卉 山石 家具 器具,景德镇窑,,景德镇窑青花纹章纹盘,,,,,
photo_061,青花帕尔默家族纹章盘,清,雍正,瓷器,日用品,高 2.5厘米 ，口径 22.8厘米 ，足径 13.0厘米,瓷,盘,青花,符号、花卉、锦纹、如意纹、竹、松、柳,陶瓷与中外交流专题馆,瓷 雍正 日用品 盘 景德镇窑 青花 符号 花卉 锦纹 如意纹 竹 松 柳,景德镇窑,倪汉克捐赠,景德镇窑青花纹章纹盘,,,,,
photo_062,青花龙凤纹执壶,清,乾隆,瓷器,日用品,连盖高12.6厘米,瓷,执壶,青花,龙、凤、缠枝花、草叶,中国古代陶瓷馆,瓷 乾隆 日用品 执壶 景德镇窑 青花 龙 凤 缠枝花 草叶,景德镇窑,,景德镇窑青花龙凤纹执壶,,,,,
photo_063,景德镇窑青花缠枝花卉纹开光题句执壶,清,嘉庆二年,瓷器,日用品,连盖高16.3厘米,瓷,执壶,青花,缠枝花、如意云纹、莲瓣纹、诗文,,瓷 嘉庆二年 日用品 执壶 景德镇窑 青花 缠枝花 如意云纹 莲瓣纹 诗文,景德镇窑,,,,嘉、庆、大清嘉庆年制,嘉庆丁巳小春月之中扔制,佳茗头纲贡，浇诗必月团。 竹炉添活火，石铫沸惊湍。 鱼蟹眼徐扬，旗枪影细攒。 一瓯清兴足，春盎避清寒。,
photo_064,龙泉窑青釉贴双鱼纹洗,宋,南宋-元,瓷器,日用器,高 4.1厘米 ，口径 13.4厘米 ，底径6.0厘米,瓷,系,青釉、贴花,鱼,陶瓷与中外交流专题馆,瓷 南宋-元 日用器 系 龙泉窑 青釉 贴花 鱼,龙泉窑,,龙泉窑青釉印花双鱼洗,,,,,
photo_065,龙泉窑青釉刻莲瓣纹盘,宋,南宋-元,瓷器,日用品,高 4.0厘米 ，口径 16.3厘米 ，底径 5.7厘米,瓷,盘,青釉、刻划,莲瓣纹,陶瓷与中外交流专题馆,瓷 南宋-元 日用品 盘 龙泉窑 青釉 刻划 莲瓣纹,龙泉窑,顾丽江捐赠,龙泉窑青釉莲瓣盘,,,,,
photo_066,龙泉窑青釉划花卉纹盘,元,,瓷器,日用品,高 3.8厘米 ，口径 16.3厘米 ，底径 6.9厘米,瓷,盘,青釉、刻划,花卉,陶瓷与中外交流专题馆,瓷 日用品 盘 龙泉窑 青釉 刻划 花卉,龙泉窑,,龙泉窑青釉划花盘,,,,,
photo_067,龙泉窑青釉印花卉纹双系罐,元,,瓷器,日用品,高9.8厘米，口径4.2厘米，底径5.8厘米,瓷,壶,青釉、印花,花卉、草叶,陶瓷与中外交流专题馆,瓷 日用品 壶 龙泉窑 青釉 印花 花卉 草叶,龙泉窑,沈觐安捐赠,龙泉窑青釉印花双系小壶,,,,,
photo_068,龙泉窑青釉露胎贴云凤鹤纹盘,元,,瓷器,日用品,高 3.2厘米 ，口径 16.7厘米 ，底径 3.8厘米,瓷,盘,青釉、贴花,凤、云纹,陶瓷与中外交流专题馆,瓷 日用品 盘 龙泉窑 青釉 贴花 凤 云纹,龙泉窑,,龙泉窑青釉贴花云凤纹盘,,,,,
photo_069,青白釉贴花梅华纹双耳瓶,元,,瓷器,陈设/观赏品,高 18.8厘米 ，口径 4.0厘米 ，足径 6.2厘米,瓷,瓶,青白釉、贴花,梅花,陶瓷与中外交流专题馆,瓷 陈设/观赏品 瓶 景德镇窑 青白釉 贴花 梅花,景德镇窑,,景德镇窑青白釉贴花双耳瓶,,,,,
photo_070,青花瓜果竹石蕉叶纹盘,元,,瓷器,日用品,高 7厘米 ，口径 45厘米 ，足径 25厘米,瓷,盘,青花,花卉、葡萄、竹、瓜,陶瓷与中外交流专题馆,瓷 日用品 盘 景德镇窑 青花 花卉 葡萄 竹 瓜,景德镇窑,,景德镇窑青花瓜竹葡萄纹菱口盘,,,,,
photo_071,青花缠枝花卉纹双系罐,元,,瓷器,日用品,高 5.0厘米 ，口径 3.3厘米 ，底径 3.5厘米,瓷,罐,青花,花卉,陶瓷与中外交流专题馆,瓷 日用品 罐 景德镇窑 青花 花卉,景德镇窑,,景德镇窑青花串枝花卉纹双系罐,,,,,
photo_072,青花缠枝花卉纹葫芦执壶,元,,瓷器,日用品,高 10.5厘米 ，口径 2.4厘米 ，底径 4.8厘米,瓷,执壶,青花,花卉,陶瓷与中外交流专题馆,瓷 日用品 执壶 景德镇窑 青花 花卉,景德镇窑,,景德镇窑青花串枝花卉纹执壶,,,,,
photo_073,赣州窑柳条乳钉纹罐,元,,瓷器,日用品,高 6.6厘米 ，口径 7.7厘米,瓷,罐,轮制、镶嵌,乳钉纹、弦纹,陶瓷与中外交流专题馆,瓷 日用品 罐 七里镇窑 轮制 镶嵌 乳钉纹 弦纹,七里镇窑,,赣州七里镇窑柳条纹罐,,,,,
photo_074,龙泉窑青釉八卦纹三足炉,元,,瓷器,日用品,高 10.6厘米 ，口径 16.8厘米,瓷,香炉,青釉,八卦,陶瓷与中外交流专题馆,瓷 日用品 香炉 龙泉窑 青釉 八卦,龙泉窑,仇大健捐赠,龙泉窑青釉三足炉,,,,,
photo_075,青釉划花卉纹碗,宋,12世纪,瓷器,日用品,高 6.9厘米 ，口径 19厘米 ，底径 6厘米,瓷,碗,青釉、刻划,花卉,陶瓷与中外交流专题馆,瓷 12世纪 日用品 碗 高丽青瓷 青釉 刻划 花卉,高丽青瓷,,高丽青釉暗花碗,,,,,
photo_076,景德镇窑蓝地白花鱼藻纹盖碗,清,雍正,瓷器,日用品,通高14.6厘米,瓷,碗,釉下彩,鱼、水草、莲花,,瓷 雍正 日用品 碗 景德镇窑 釉下彩 鱼 水草 莲花,景德镇窑,,,,大清雍正年制,,,
photo_077,龙泉窑青釉刻花卉纹盖罐,明,明前期,瓷器,日用品,高 27厘米 ，底径 19厘米,瓷,罐,青釉、刻划,花卉、草叶,陶瓷与中外交流专题馆,瓷 明前期 日用品 罐 龙泉窑 青釉 刻划 花卉 草叶,龙泉窑,,龙泉窑青釉刻花盖罐,,,,,
photo_078,龙泉窑青釉刻花芦雁纹盘,明,明初,瓷器,日用器,高 8.2厘米 ，口径 40.9厘米 ，足径 23.7厘米,瓷,盘,青釉、刻花,花朵纹、芦苇、雁、缠枝花,,瓷 明初 日用器 盘 龙泉窑 青釉 刻花 花朵纹 芦苇 雁 缠枝花,龙泉窑,,龙泉窑刻花芦雁纹盘,,,,,
photo_079,青花缠枝花卉纹壶,明,永乐、宣德,瓷器,日用品,高 13.5厘米 ，口径 7.5厘米 ，底径 4.2厘米,瓷,执壶,青花,缠枝纹、莲瓣纹,陶瓷与中外交流专题馆,瓷 永乐 宣德 日用品 执壶 景德镇窑 青花 缠枝纹 莲瓣纹,景德镇窑,,景德镇窑青花缠枝莲纹花浇,,,,,
photo_080,长沙窑褐蓝彩如意花卉纹罐,唐,,瓷器,日用品,高27.7厘米，口径15.7厘米，底径19.6厘米,瓷,罐,青釉、彩绘,花卉,陶瓷与中外交流专题馆,瓷 日用品 罐 长沙窑 青釉 彩绘 花卉,长沙窑,李雪莱、林嗣淇捐赠,,,,,,
photo_081,镶嵌柳树纹青釉梅瓶,其他,12世纪、13世纪,瓷器,日用品,高 30厘米 ，口径 5.4厘米 ，底径 11.7厘米,瓷,梅瓶,青釉、镶嵌,柳、开光,陶瓷与中外交流专题馆,瓷 12世纪 13世纪 日用品 梅瓶 高丽青瓷 青釉 镶嵌 柳 开光,高丽青瓷,,高丽青瓷镶嵌花瓶,,,,,
photo_082,松石绿釉剔刻缠枝番莲纹瓶,清,乾隆,瓷器,陈设/观赏品、日用品,高21.9厘米，口径6.7厘米，足径8.9厘米,瓷,瓶,松石绿,几何纹、西番莲,中国古代陶瓷馆,瓷 乾隆 陈设/观赏品 日用品 瓶 景德镇窑 松石绿 几何纹 西番莲,景德镇窑,,景德镇窑松石绿釉剔刻缠枝番莲纹瓶,,大清乾隆年制,,,
photo_083,青花釉里红三果纹高足碗,清,雍正,瓷器,日用品,高11.6厘米，口径16.6厘米，底径4.7厘米,瓷,高足碗,青花釉里红,石榴、桃子、,中国古代陶瓷馆,瓷 雍正 日用品 高足碗 景德镇窑 青花釉里红 石榴 桃子,景德镇窑,陈萍1956年捐赠,景德镇窑青花釉里红三果纹高足碗,,大清雍正年制,,,
photo_084,景德镇窑青花双狮球纹罐,明,宣德,瓷器,日用品,高18.0厘米，口径15.0厘米，底径13.2厘米,瓷,罐,青花,狮、球、如意纹、折枝花、莲瓣,,瓷 宣德 日用品 罐 景德镇窑 青花 狮 球 如意纹 折枝花 莲瓣,景德镇窑,姚念瑗1979年捐赠,景德镇窑青花狮球纹罐,,大明宣德年制,,,
photo_085,青釉刻花莲瓣纹托盏,南北朝,,瓷器,日用品,通高5.2厘米，盏口径10.4厘米，托口径13.6厘米,瓷,盏、盏托,刻划、青釉,莲花,,瓷 日用品 盏 盏托 刻划 青釉 莲花,,龚理曾、龚理荃、龚理华、龚理宸、龚理菁1964年捐赠,,,,,,
photo_086,禽鸟蟠螭纹陶豆,新石器时代,良渚文化,陶器,日用品,高 18.8厘米 ，口径 17.7厘米,陶,豆,刻划,鸟、蟠螭纹、弦纹,考古上海,陶 良渚文化 日用品 豆 青浦 刻划 鸟 蟠螭纹 弦纹,青浦,1986 年青浦区福泉山遗址出土,良渚文化划花弦纹高足黑陶豆,,,,,
photo_087,方格纹圈足陶h,新石器时代,广富林文化,陶器,日用品,高 14.5厘米,陶,h,刻划、印花,几何纹,考古上海,陶 广富林文化 日用品 h 松江 刻划 印花 几何纹,松江,2012 年松江区广富林遗址出土,,,,,,
photo_088,蟠螭纹镂孔足带盖陶鼎,新石器时代,良渚文化,陶器,日用品、饪食器,高 26厘米 ，口径 26厘米,陶,鼎,镂雕,弦纹、蟠螭纹,考古上海,陶 良渚文化 日用品 饪食器 鼎 青浦 镂雕 弦纹 蟠螭纹,青浦,1984 年青浦区福泉山遗址出土,良渚文化黑陶细刻纹盖鼎,,,,,
photo_089,带盖细刻纹双阔把陶F,新石器时代,良渚文化,陶器,日用品、水器,通高 21.1厘米,陶,F,刻划,几何纹、动物纹,考古上海,陶 良渚文化 日用品 水器 F 青浦 刻划 几何纹 动物纹,青浦,2010 年青浦区福泉山遗址出土,,,,,,
photo_090,越窑青釉刻花莲瓣纹罐,五代十国,五代-北宋,瓷器,日用品,高 9.6厘米,瓷,罐,青釉、刻划,莲瓣纹,考古上海,瓷 五代-北宋 日用品 罐 越窑 青釉 刻划 莲瓣纹,越窑,1975 年松江区松江二中出土,,,,,,
photo_091,长沙窑模印贴舞乐纹执壶,唐,,瓷器,日用品,高 18厘米 ，口径 6.3厘米 ，底径 13.2厘米,瓷,执壶,釉下彩、青釉、贴花,胡人、乐舞,陶瓷与中外交流专题馆,瓷 日用品 执壶 长沙窑 釉下彩 青釉 贴花 胡人 乐舞,长沙窑,李雪莱、林嗣淇捐赠,,,,,,
photo_092,长沙窑绿釉模印花卉纹海棠式盘,唐,,瓷器,日用品,高 2.7厘米 ，口 15.5 × 12.5厘米 ，足 7.5 × 5.7厘米,瓷,盏托,青釉、酱色釉、印花,花卉、文字,陶瓷与中外交流专题馆,瓷 日用品 盏托 长沙窑 青釉 酱色釉 印花 花卉 文字,长沙窑,李雪莱、林嗣淇捐赠,,,,,王,
photo_093,彩色釉陶模印骑射人物纹凤首壶,唐,,陶器,日用品,高 31.5厘米 ，口纵 5.35厘米 ，口横 4.0厘米 ，底纵 9.8厘米 ，底横 8.2厘米,陶,壶,彩色釉、贴花,彩色釉、凤、缠枝纹,陶瓷与中外交流专题馆,陶 日用品 壶 彩色釉 贴花 凤 缠枝纹,,,彩色釉陶凤头陶壶,,,,,
photo_094,长沙窑褐绿彩绶带孔雀纹碗,唐,,瓷器,日用品,高 8.2厘米 ，口径 25.7厘米 ，足径 8.2厘米,瓷,碗,釉下彩,孔雀,陶瓷与中外交流专题馆,瓷 日用品 碗 长沙窑 釉下彩 孔雀,长沙窑,李雪莱、林嗣淇捐赠,,,,,,
photo_095,长沙窑青釉褐绿彩帆船纹执壶,唐,,瓷器,日用品,高 23.8厘米 ，口径 10.6厘米 ，底径 12.8厘米,瓷,执壶,釉下彩,船,陶瓷与中外交流专题馆,瓷 日用品 执壶 长沙窑 釉下彩 船,长沙窑,李雪莱、林嗣淇捐赠,,,,,,
photo_096,长沙窑模印贴椰枣狮子纹执壶,唐,,瓷器,日用品,高 27.5厘米 ，口径 14.6厘米 ，底径 14.7厘米,瓷,执壶,釉下彩、贴花,植物、狮子、文字,陶瓷与中外交流专题馆,瓷 日用品 执壶 长沙窑 釉下彩 贴花 植物 狮子 文字,长沙窑,李雪莱、林嗣淇捐赠,,,,,李,
photo_097,长沙窑褐绿彩花草纹执壶,唐,,瓷器,日用品,高 20.0厘米 ，口径 5.0厘米 ，足径 7.7厘米,瓷,执壶,釉下彩,花卉,陶瓷与中外交流专题馆,瓷 日用品 执壶 釉下彩 花卉,,李雪莱、林嗣淇捐赠,,,,,,
photo_098,越窑青釉刻花卉纹执壶,五代十国,五代,瓷器,日用品,高 24.9厘米 ，口径 11.25厘米 ，足径 8.3厘米,瓷,执壶,青釉、刻划,花卉、几何纹,陶瓷与中外交流专题馆,瓷 五代 日用品 执壶 越窑 青釉 刻划 花卉 几何纹,越窑,,越窑青釉刻花花卉纹执壶,,,,,
photo_099,越窑青釉刻莲瓣纹罐,宋,五代-北宋,瓷器,日用品,高 7.1厘米 ，口径 5.3厘米 ，底径 6.6厘米,瓷,罐,青釉,莲瓣纹,陶瓷与中外交流专题馆,瓷 五代-北宋 日用品 罐 越窑 青釉 莲瓣纹,越窑,,越窑青釉刻花莲花纹罐,,,,,
photo_100,青白釉刻花卉纹碗,宋,南宋,瓷器,日用品,高 6.8厘米 ，口径 20.4厘米 ，底径 5.55厘米,瓷,碗,青白釉、刻划,花卉,陶瓷与中外交流专题馆,瓷 南宋 日用品 碗 景德镇窑 青白釉 刻划 花卉,景德镇窑,,景德镇窑青白釉刻花花卉纹碗,,,,,
photo_101,青白釉印牡丹飞凤纹碗,宋,南宋,瓷器,日用品,高 6.0厘米 ，口径 18.3厘米 ，底径 6.4厘米,瓷,碗,青白釉、印花,凤、牡丹、把莲纹,陶瓷与中外交流专题馆,瓷 南宋 日用品 碗 景德镇窑 青白釉 印花 凤 牡丹 把莲纹,景德镇窑,姚念瑷捐赠,景德镇窑青白釉印花花鸟纹碗,,,,,
photo_102,景德镇窑青花寿山福海纹螭耳扁瓶,清,乾隆,瓷器,陈设/观赏品、日用品,高49.4厘米，口径8厘米，腹纵19.1厘米，腹横38厘米，底纵12厘米，底横17.8厘米,瓷,扁瓶,青花,福山寿海、蝙蝠、石、桃子、波涛、花卉、缠枝纹、螭,,瓷 乾隆 陈设/观赏品 日用品 扁瓶 景德镇窑 青花 福山寿海 蝙蝠 石 桃子 波涛 花卉 缠枝纹 螭,景德镇窑,,,,大清乾隆年制,,,
photo_103,景德镇窑豆青地红彩团凤纹碗,清,道光,瓷器,日用品,高6.7厘米，口径14.2厘米，底径6.4厘米,瓷,碗,釉上彩,凤、团花,,瓷 道光 日用品 碗 景德镇窑 釉上彩 凤 团花,景德镇窑,,,,大清道光年制,,,
photo_104,景德镇窑绿地粉彩八吉祥纹瓶,清,乾隆,瓷器,陈设/观赏品、日用品,高25.9厘米，口径2.8厘米，底径10.1厘米，腹围49.7厘米,瓷,瓶,粉彩,八吉祥,,瓷 乾隆 陈设/观赏品 日用品 瓶 景德镇窑 粉彩 八吉祥,景德镇窑,,,,大清乾隆年制,,,
photo_105,蓝地白花莲池游鱼纹盘,明,宣德,瓷器,日用品,高4.6厘米，口径21厘米，底径13.5厘米,瓷,盘,青花,莲花、水草、鱼、荷叶,中国古代陶瓷馆,瓷 宣德 日用品 盘 景德镇窑 青花 莲花 水草 鱼 荷叶,景德镇窑,,景德镇窑青花蓝地白花莲池游鱼纹盘,,大明宣德年制,,,
photo_106,景德镇窑五彩花果纹盘,明,万历,瓷器,日用品,高3.4厘米，口径18.9厘米，足径12.85厘米,瓷,盘,五彩,器具、花卉、昆虫、石榴、荔枝、佛手、三多,,瓷 万历 日用品 盘 景德镇窑 五彩 器具 花卉 昆虫 石榴 荔枝 佛手 三多,景德镇窑,,,,大明万历年制,,,
photo_107,景德镇窑五彩花篮纹盘,清,康熙,瓷器,日用品,高6厘米，口径35.8厘米，底径19.2厘米,瓷,盘,五彩,器具、花卉、山水、昆虫、禽鸟、兽畜、锦纹,,瓷 康熙 日用品 盘 景德镇窑 五彩 器具 花卉 山水 昆虫 禽鸟 兽畜 锦纹,景德镇窑,,,,,,,
photo_108,景德镇窑素三彩三果纹盘,清,康熙,瓷器,日用品,高4.5厘米，口径24.8厘米，底径16.4厘米,瓷,盘,素三彩,石榴、荔枝、佛手,,瓷 康熙 日用品 盘 景德镇窑 素三彩 石榴 荔枝 佛手,景德镇窑,,,,大清康熙年制,,,
photo_109,景德镇窑粉彩花卉纹双连瓶,清,乾隆,瓷器,陈设/观赏品、日用品,高14.2厘米，口横7厘米，口纵4.4厘米，腹横10.9厘米，腹纵7.6厘米，底横7.7厘米，底纵5.2厘米,瓷,双联瓶,粉彩,花卉、缠枝纹,,瓷 乾隆 陈设/观赏品 日用品 双联瓶 景德镇窑 粉彩 花卉 缠枝纹,景德镇窑,,,,大清乾隆年制,,,
photo_110,景德镇窑仿汝釉弦纹花盆,清,雍正,瓷器,日用品,各高7.9厘米，口径12.9厘米，底径7.2厘米,瓷,盆,青釉,弦纹,,瓷 雍正 日用品 盆 景德镇窑 青釉 弦纹,景德镇窑,胡惠春、王华云1950年捐赠,,,雍正年制,,,
photo_111,景德镇窑青花花鸟纹罐,明,万历,瓷器,日用品,高7.0厘米，口径8.2厘米，底径11.0厘米，腹围34.2厘米,瓷,罐,青花,花鸟、山水、几何纹,,瓷 万历 日用品 罐 景德镇窑 青花 花鸟 山水 几何纹,景德镇窑,吴仲超1952年捐赠,景德镇窑青花花鸟纹罐,,,,,
photo_112,景德镇窑青花凤穿牡丹纹瓶,清,康熙,瓷器,日用品,高44.8厘米，口径12.4厘米，底径13.9厘米,瓷,瓶,青花,凤穿牡丹、玉兰、石,,瓷 康熙 日用品 瓶 景德镇窑 青花 凤穿牡丹 玉兰 石,景德镇窑,乐笃周1956年捐赠,景德镇窑青花凤穿牡丹纹瓶,,,,,
photo_113,景德镇窑青花缠枝花卉纹碗,明,永乐,瓷器,日用品,高10.4厘米，口径21.1厘米，底径7.8厘米,瓷,碗,青花,牡丹、菊花、莲花、桂子、回纹、波涛纹,,瓷 永乐 日用品 碗 景德镇窑 青花 牡丹 菊花 莲花 桂子 回纹 波涛纹,景德镇窑,陈萍1956年捐赠,,,,,,
photo_114,景德镇窑青花花果纹大罐,明,永乐,瓷器,日用品,高25.6厘米，口径18.4厘米，底径20.9厘米，腹围102.3厘米,瓷,罐,青花,花卉、石榴、桂子、如意纹、缠枝纹,,瓷 永乐 日用品 罐 景德镇窑 青花 花卉 石榴 桂子 如意纹 缠枝纹,景德镇窑,陈萍1956年捐赠,,,,,,
photo_115,景德镇窑青花缠枝莲纹瓶,明,永乐,瓷器,日用品,高24.8厘米，口径4.5厘米，腹径15.4厘米，底径10.5厘米,瓷,瓶,青花,莲花、缠枝纹,,瓷 永乐 日用品 瓶 景德镇窑 青花 莲花 缠枝纹,景德镇窑,薛贵笙1979年捐赠,,,,,,
photo_116,景德镇窑甜白釉暗刻花海棠双莺纹瓶,明,永乐,瓷器,日用品,高26.1厘米，口径3.8厘米，腹径15.9厘米，底径10.5厘米,瓷,瓶,甜白釉、刻划,几何纹、缠枝纹、海棠、莺,,瓷 永乐 日用品 瓶 景德镇窑 甜白釉 刻划 几何纹 缠枝纹 海棠 莺,景德镇窑,薛贵笙1979年捐赠,景德镇窑甜白釉暗刻花海棠双莺纹瓶,,,,,
photo_117,景德镇窑青花鱼藻纹瓶,明,万历,瓷器,日用品,高43.5厘米，口径7.9厘米，底径13.9厘米,瓷,瓶,青花,鱼、虾、蟹、水草、花卉,,瓷 万历 日用品 瓶 景德镇窑 青花 鱼 虾 蟹 水草 花卉,景德镇窑,赵振绶1958年捐赠,,,,,,
photo_118,龙泉窑青釉镂空缠枝牡丹狮子纹鼓凳,明,,瓷器,日用品,高46.0厘米，底径22.0厘米,瓷,凳,青釉、镂雕,牡丹、狮,,瓷 日用品 凳 青釉 镂雕 牡丹 狮,,仇大雄1984年捐赠,,,,,,
photo_119,景德镇窑青花缠枝花卉纹花浇,明,,瓷器,日用品,高14.1厘米，口径8.0厘米，底径4.8厘米,瓷,花浇,青花,回纹、缠枝纹,,瓷 日用品 花浇 景德镇窑 青花 回纹 缠枝纹,景德镇窑,王洁之1979年捐赠,,,,,,
photo_120,景德镇窑青花缠枝葡萄纹盘,明,宣德,瓷器,日用品,高6.8厘米，口径37.3厘米，底径24.0厘米,瓷,盘,青花,葡萄、缠枝纹、波涛纹,,瓷 宣德 日用品 盘 景德镇窑 青花 葡萄 缠枝纹 波涛纹,景德镇窑,姚念瑗1979年捐赠,景德镇窑青花葡萄纹盘,,,,,
photo_121,景德镇窑蓝釉白彩折枝灵芝纹双耳三足炉,明,,瓷器,陈设/观赏品,高11.1厘米，口径10.3厘米,瓷,炉,彩绘,灵芝,,瓷 陈设/观赏品 炉 景德镇窑 彩绘 灵芝,景德镇窑,姚念瑗1979年捐赠,,,,,,
photo_122,景德镇窑蓝地金银彩桃果纹瓶,清,乾隆,瓷器,日用品,通高23.4厘米，口径9.4厘米，足径15.0厘米,瓷,瓶,蓝釉、描金,桃子、蝙蝠、花瓣纹、如意纹、缠枝纹,,瓷 乾隆 日用品 瓶 景德镇窑 蓝釉 描金 桃子 蝙蝠 花瓣纹 如意纹 缠枝纹,景德镇窑,,,,大清乾隆年制,,,
photo_123,粉彩蝠桃纹瓶,清,雍正,瓷器,陈设/观赏品、日用品,高39.5厘米，口径10.0厘米，足径12.3厘米,瓷,瓶,粉彩,桃花、桃子、蝙蝠,中国古代陶瓷馆,瓷 雍正 陈设/观赏品 日用品 瓶 景德镇窑 粉彩 桃花 桃子 蝙蝠,景德镇窑,张永珍2004年捐赠,景德镇窑粉彩蝠桃纹瓶,,大清雍正年制,,,
photo_124,元 龙泉窑青釉贴花龙凤纹盖罐,元,,瓷器,日用品,通高28.6厘米，口径24.8厘米，底径18.0厘米,瓷,罐,青釉、贴花,荷叶、鸟、龙、云、水波纹,,瓷 日用品 罐 龙泉窑 青釉 贴花 荷叶 鸟 龙 云 水波纹,龙泉窑,上海市原南汇县出土,,,,,,
photo_125,青花莲池鸳鸯纹套盒,元,,瓷器,日用品,通高23.3厘米，口径18.5厘米，足径13.5厘米,瓷,盒,青花,满池娇、鸳鸯、莲花、池塘、莲瓣纹、岁寒三友、锦纹、缠枝纹,陶瓷与中外交流专题馆,瓷 日用品 盒 景德镇窑 青花 满池娇 鸳鸯 莲花 池塘 莲瓣纹 岁寒三友 锦纹 缠枝纹,景德镇窑,传印度尼西亚出土,景德镇窑青花鸳鸯莲池纹套盒,,,,,
photo_126,青釉褐彩刻花莲瓣纹壶,晋,东晋,瓷器,日用品,高22.2厘米，口径12.4厘米，底径10.4厘米，腹径18厘米,瓷,盘口壶,青釉、点彩、刻划,莲瓣纹,中国古代陶瓷馆,瓷 东晋 日用品 盘口壶 越窑 青釉 点彩 刻划 莲瓣纹,越窑,,青釉褐彩刻花莲瓣纹盘口壶,,,,,
photo_127,青釉刻花缠枝纹注器,南北朝,南朝,瓷器,文具,高6.1厘米，口径0.5厘米，长16厘米,瓷,水注,青釉、刻划,缠枝纹,中国古代陶瓷馆,瓷 南朝 文具 水注 洪州窑 青釉 刻划 缠枝纹,洪州窑,,青釉刻花缠枝纹水注,,,,,
photo_128,越窑青釉刻划牡丹纹罐,五代十国,,瓷器,日用品,高9.5厘米，口径6.25厘米，腹径12.4厘米，足径7.1厘米,瓷,罐,青釉、刻划,牡丹、直条纹,陶瓷与中外交流专题馆,瓷 日用品 罐 越窑 青釉 刻划 牡丹 直条纹,越窑,,越窑青釉刻花牡丹纹罐,,,,,
photo_129,青花莲池杂宝纹菱口盘,元,,瓷器,日用品,高5.6厘米，口径29.6厘米，足径9厘米,瓷,盘,青花,莲花、莲瓣纹、云纹、八吉祥,中国古代陶瓷馆,瓷 日用品 盘 景德镇窑 青花 莲花 莲瓣纹 云纹 八吉祥,景德镇窑,,景德镇窑青花莲瓣形盘,,,,,
photo_130,明 景德镇窑斗彩莲池鸳鸯纹盘,明,万历,瓷器,日用品,高3.2厘米，口径15.4厘米，足径8.8厘米,瓷,盘,斗彩,满池娇、鸳鸯、莲花、池塘,,瓷 万历 日用品 盘 景德镇窑 斗彩 满池娇 鸳鸯 莲花 池塘,景德镇窑,,景德镇窑斗彩莲池鸳鸯纹盘,,大明万历年制,,,
photo_131,青釉“大中元年”铭划花执花卉纹壶,唐,大中元年,瓷器,日用品,高27厘米，口径10.3厘米，腹径16.2厘米，底径9.9厘米,瓷,执壶,青釉,花卉,中国古代陶瓷馆,瓷 大中元年 日用品 执壶 越窑 青釉 花卉,越窑,,越窑青釉“大中元年”铭划花执壶,,会昌七年改为大中元年三月十四日清明故记之耳,,,
photo_132,陈曼生铭杨彭年制唐井纹紫砂壶,清,嘉庆二十年,陶器,日用品,,陶,壶,塑造,文字,,陶 嘉庆二十年 日用品 壶 陈鸿寿 杨彭年 宜兴窑 塑造 文字,宜兴窑,,陈曼生铭杨彭年制紫砂壶,,曼公记、嘉庆乙亥秋九月彭年 “午庄”、“彭年”,,维唐元和六年岁次辛卯，五月朔十五日戊申，沙门澄观为零陵寺造常住石井阑并石盆，永充供养。大匠储乡郭通以偈赞曰："此是南山石，将来造井阑，留传千万代，各结佛家缘。尽意修功德，应无朽坏年。同胜福者，超于弥勒前。摹溧阳唐井文为午庄清玩。曼公记。嘉庆乙亥秋九月彭年。,陈鸿寿、杨彭年
photo_133,黑釉木叶纹盏,宋,南宋,瓷器,日用品,高4.6厘米，口径10.7厘米，底径3.0厘米,瓷,盏,黑釉,草叶,中国古代陶瓷馆,瓷 南宋 日用品 盏 吉州窑 黑釉 草叶,吉州窑,,吉州窑黑釉木叶纹盏,,,,,
photo_134,白釉饕餮纹簋,明,,瓷器,陈设/观赏品、日用品,高9.6厘米，口径15.1厘米，底径10.9厘米,瓷,簋,白釉、剔花,兽面纹、龙、神兽,中国古代陶瓷馆,瓷 陈设/观赏品 日用品 簋 德化窑 白釉 剔花 兽面纹 龙 神兽,德化窑,,德化窑饕餮纹簋,,,,,
photo_135,景德镇窑青花缠枝花卉纹盘,明,宣德,瓷器,日用品,高6.0厘米，口径33.5厘米，底径21.7厘米,瓷,盘,青花,花卉、缠枝纹、波涛纹,,瓷 宣德 日用品 盘 景德镇窑 青花 花卉 缠枝纹 波涛纹,景德镇窑,殷屏香1986年捐赠,,,,,,
photo_136,青花如意花卉纹香薰,清,康熙,瓷器,陈设/观赏品、日用品,各通高32.3厘米，底径11.9厘米,瓷,香熏,青花,花卉、如意纹,陶瓷与中外交流专题馆,瓷 康熙 陈设/观赏品 日用品 香熏 景德镇窑 青花 花卉 如意纹,景德镇窑,倪汉克捐赠,景德镇窑青花如意花卉纹薰炉,,,,,
photo_137,景德镇窑白釉刻牡丹纹瓶,清,乾隆,瓷器,日用品,高30.2厘米，口径8.4厘米，底径10.2厘米，腹围58.5厘米,瓷,瓶,白釉、剔花,牡丹、几何纹,,瓷 乾隆 日用品 瓶 景德镇窑 白釉 剔花 牡丹 几何纹,景德镇窑,,,,,,,
photo_138,蓝釉剔雕寿字纹碗,清,乾隆,瓷器,日用品,高4厘米，口径11.8厘米，底径6.7厘米,瓷,碗,蓝釉、剔花,勾连纹、回纹、寿字、团花,中国古代陶瓷馆,瓷 乾隆 日用品 碗 景德镇窑 蓝釉 剔花 勾连纹 回纹 寿字 团花,景德镇窑,顾丽江捐赠,景德镇窑蓝釉剔雕团寿纹碗,,,,,
photo_139,景德镇窑孔雀绿釉印蟠螭纹花盆,清,乾隆,瓷器,日用品,高7.3厘米，口纵13.9厘米，口横18.9厘米，腹纵11.7厘米，腹横16.2厘米，足纵8.5厘米，足横12.6厘米,瓷,盆,孔雀绿,蟠螭纹、回纹、如意纹、莲瓣纹,,瓷 乾隆 日用品 盆 景德镇窑 孔雀绿 蟠螭纹 回纹 如意纹 莲瓣纹,景德镇窑,,,,,,,
photo_140,景德镇窑珊瑚红地白竹纹碗,清,嘉庆,瓷器,日用品,高5.7厘米，口径12厘米，底径4.3厘米,瓷,碗,釉上彩,竹,,瓷 嘉庆 日用品 碗 景德镇窑 釉上彩 竹,景德镇窑,,,,大清嘉庆年制,,,
photo_141,景德镇窑黄地青花桃枝纹盘,清,乾隆,瓷器,日用品,高5.5厘米，口径27.2厘米，底径17.9厘米,瓷,盘,黄釉、青花,花卉、缠枝纹、桃子,,瓷 乾隆 日用品 盘 景德镇窑 黄釉 青花 花卉 缠枝纹 桃子,景德镇窑,,,,大清乾隆年制,,,
photo_142,釉里红四季花卉纹瓜棱瓶,明,洪武,瓷器,日用品,高48.8厘米，口径25.6厘米，底径22.1厘米，腹径41.8厘米,瓷,罐,釉里红,四季花开、如意纹、莲瓣纹,中国古代陶瓷馆,瓷 洪武 日用品 罐 景德镇窑 釉里红 四季花开 如意纹 莲瓣纹,景德镇窑,,景德镇窑釉里红四季花卉纹瓜棱瓶,,,,,
photo_143,釉里红三鱼纹高足杯,明,宣德,瓷器,日用品,"高8.8厘米, 口径9.9厘米, 足径4.5厘米",瓷,高足碗,釉里红,鱼,中国古代陶瓷馆,瓷 宣德 日用品 高足碗 景德镇窑 釉里红 鱼,景德镇窑,,景德镇窑釉里红三鱼纹高足杯,,大明宣德年制,,,
photo_144,明嘉靖景德镇窑五彩鱼藻纹罐,明,嘉靖,瓷器,日用品,高33.9厘米，口径19.6厘米，底径25.3厘米，腹径40.4厘米,瓷,罐,五彩,莲花、水草、鱼、莲瓣纹、火珠纹、叶纹,,瓷 嘉靖 日用品 罐 景德镇窑 五彩 莲花 水草 鱼 莲瓣纹 火珠纹 叶纹,景德镇窑,,景德镇窑五彩鱼藻纹罐,,大明嘉靖年制,,,
photo_145,青花矾红海水瑞兽纹碗,明,正统-天顺,瓷器,日用品,高9.6厘米，口径16.4厘米，足径5.5厘米,瓷,碗,青花红彩,波涛纹、神兽、锦纹,中国古代陶瓷馆,瓷 正统-天顺 日用品 碗 景德镇窑 青花红彩 波涛纹 神兽 锦纹,景德镇窑,,景德镇窑青花矾红海兽纹碗,,,,,
photo_146,孔雀绿釉青花莲池鱼纹盘,明,成化,瓷器,日用品,高5.05厘米，口径23.5厘米，足径15.15厘米,瓷,盘,孔雀绿、青花,鱼、莲花、水草,中国古代陶瓷馆,瓷 成化 日用品 盘 景德镇窑 孔雀绿 青花 鱼 莲花 水草,景德镇窑,,景德镇窑孔雀绿釉青花莲鱼纹盘,,大明成化年制,,,
photo_147,白地酱釉折枝花果纹盘,明,弘治,瓷器,日用品,高5.2厘米，口径25.2厘米，足径16厘米,瓷,盘,白釉、酱釉、雕刻,花卉、蔬果,中国古代陶瓷馆,瓷 弘治 日用品 盘 景德镇窑 白釉 酱釉 雕刻 花卉 蔬果,景德镇窑,,景德镇窑白地刻填酱釉花果纹盘,,大明弘治年制,,,
photo_148,红彩缠枝莲纹瓶,清,乾隆,瓷器,陈设/观赏品、日用品,高21厘米，口径5厘米，足径5.7厘米,瓷,瓶,彩绘,莲花、缠枝纹、如意纹,中国古代陶瓷馆,瓷 乾隆 陈设/观赏品 日用品 瓶 景德镇窑 彩绘 莲花 缠枝纹 如意纹,景德镇窑,,景德镇窑抹红缠枝莲纹瓶,,乾隆年制,,,
photo_149,珐琅彩缠枝月季纹碗,清,康熙,瓷器,日用品,高7.5厘米，口径14.7厘米，足径6.7厘米,瓷,碗,珐琅彩,牡丹、缠枝纹、万寿无疆,中国古代陶瓷馆,瓷 康熙 日用品 碗 景德镇 北京 珐琅彩 牡丹 缠枝纹 万寿无疆,景德镇、北京,,,,康熙御制,,,
photo_150,青釉弦纹尊,商,,瓷器,日用品,高18厘米，口径19.65厘米，底径9.9厘米,瓷,尊,青釉,弦纹、编织纹,中国古代陶瓷馆,瓷 日用品 尊 青釉 弦纹 编织纹,,,,,,,,
photo_151,马家窑文化彩陶涡纹壶,新石器时代,马家窑文化,陶器,日用品,高40厘米，口径13.6厘米，底径13.7厘米,陶,壶,彩绘,涡纹,,陶 马家窑文化 日用品 壶 甘肃 彩绘 涡纹,甘肃,,马家窑文化半山类型彩陶四大圈连续纹壶,,,,,
photo_152,青釉刻花牡丹纹梅瓶,宋,,瓷器,日用品,高48.4厘米，口径7.5厘米，底径11厘米,瓷,梅瓶,青釉、刻划,牡丹、缠枝纹、莲瓣纹,中国古代陶瓷馆,瓷 日用品 梅瓶 耀州窑 青釉 刻划 牡丹 缠枝纹 莲瓣纹,耀州窑,,耀州窑青釉刻花缠枝牡丹纹瓶,,,,,
photo_153,白地黑彩划花牡丹纹罐,辽,辽-金,瓷器,日用品,高29.9厘米，口径23.9厘米，底径14.3厘米,瓷,罐,彩绘、划花,牡丹、缠枝纹,中国古代陶瓷馆,瓷 辽-金 日用品 罐 赤峰窑 彩绘 划花 牡丹 缠枝纹,赤峰窑,,赤峰窑白釉划花填黑地牡丹纹罐,,,,,
photo_154,青釉堆塑蟠龙莲瓣纹盖瓶,宋,南宋,瓷器,日用品,高22.6厘米，口径6.5厘米，腹径11.35厘米，足径6.65厘米,瓷,罐,青釉、堆塑,龙、狗、莲瓣纹,中国古代陶瓷馆,瓷 南宋 日用品 罐 龙泉窑 青釉 堆塑 龙 狗 莲瓣纹,龙泉窑,,龙泉窑堆塑蟠龙莲瓣纹盖罐,,,,,
photo_155,白釉“官”字款莲瓣纹盖罐,五代十国,五代,瓷器,日用品,通高7.8厘米，口径5.7厘米，腹径9.2厘米，底径5.5厘米,瓷,罐,白釉,莲瓣纹,中国古代陶瓷馆,瓷 五代 日用品 罐 定窑 白釉 莲瓣纹,定窑,,定窑“官”字款划花莲瓣纹盖罐,,,,,
photo_156,青花缠枝牡丹纹梅瓶,元,,瓷器,日用品,高42.1厘米，口径5.5厘米，足径14厘米,瓷,瓶,白釉,杂宝纹、缠枝纹、莲花、牡丹、卷草纹、莲瓣纹,陶瓷与中外交流专题馆,瓷 日用品 瓶 景德镇窑 白釉 杂宝纹 缠枝纹 莲花 牡丹 卷草纹 莲瓣纹,景德镇窑,,景德镇窑青花缠枝牡丹纹瓶,,,,,
photo_157,青花缠枝牡丹纹罐,元,,瓷器,日用品,高27.5厘米，口径20.7厘米，底径18.6厘米,瓷,罐,青花,牡丹、缠枝纹、莲瓣纹、卷草纹,中国古代陶瓷馆,瓷 日用品 罐 景德镇窑 青花 牡丹 缠枝纹 莲瓣纹 卷草纹,景德镇窑,,景德镇窑青花缠枝牡丹纹罐,,,,,
photo_158,青花果树纹油醋瓶,清,康熙,瓷器,日用品,高19.7厘米，口径2.2厘米，足径6.9厘米,瓷,油醋瓶,青花,几何纹、花卉、蔬果、树,陶瓷与中外交流专题馆,瓷 康熙 日用品 油醋瓶 景德镇窑 青花 几何纹 花卉 蔬果 树,景德镇窑,倪汉克捐赠,景德镇窑青花果树纹油醋瓶,,,,,
photo_159,青釉刻花莲瓣纹六系罐,南北朝,南朝,瓷器,日用品,高19.9厘米，口径10.5厘米，足径10.5厘米,瓷,壶,青釉,莲瓣纹,中国古代陶瓷馆,瓷 南朝 日用品 壶 湘阴窑 青釉 莲瓣纹,湘阴窑,,青釉刻花莲瓣六系罐,,,,,
photo_160,白地黑花把莲纹枕,宋,北宋,瓷器,日用品,高11厘米，长29.3厘米，宽30.5厘米,瓷,枕,彩绘、划花,莲花一茎,中国古代陶瓷馆,瓷 北宋 日用品 枕 磁州窑 彩绘 划花 莲花一茎,磁州窑,,白釉黑彩刻莲纹枕,,,,,
photo_161,南宋 义窑青釉刻划花卉纹碟,宋,南宋,瓷器,日用品,口径15厘米，足径5.6厘米，高3.4厘米,瓷,碟,青釉、刻划,莲花,,瓷 南宋 日用品 碟 义窑 青釉 刻划 莲花,义窑,上海市青浦区青龙镇遗址出土,,,,,,
photo_162,白釉刻花饕餮纹觯,明,万历,瓷器,日用品,高12.2厘米，口径8.3厘米，足径6.9厘米,瓷,瓶,白釉、刻划,兽面纹,,瓷 万历 日用品 瓶 景德镇窑 白釉 刻划 兽面纹,景德镇窑,,景德镇窑白釉刻花饕餮纹瓶,,古周饕餮万历年制,,,
photo_163,青花缠枝牡丹纹碗,明,永乐,瓷器,日用品,高6厘米，口径15.6厘米，底径4.6厘米,瓷,碗,青花,牡丹、缠枝纹、团花、螺旋纹,中国古代陶瓷馆,瓷 永乐 日用品 碗 景德镇窑 青花 牡丹 缠枝纹 团花 螺旋纹,景德镇窑,,景德镇窑青花缠枝牡丹纹碗,,,,,
photo_164,明永乐景德镇窑青花菊瓣纹碗,明,永乐,瓷器,日用品,高6厘米，口径10.4厘米，底径3厘米,瓷,碗,青花,菊瓣纹、缠枝花、抽象花、回纹,,瓷 永乐 日用品 碗 景德镇窑 青花 菊瓣纹 缠枝花 抽象花 回纹,景德镇窑,,景德镇窑青花菊瓣纹碗,,,,,
photo_165,明永乐景德镇窑青花缠枝花卉纹瓶,明,永乐,瓷器,日用品,高25厘米，口径4.5厘米，底径10.3厘米,瓷,瓶,青花,莲花、缠枝纹、卷草纹,,瓷 永乐 日用品 瓶 景德镇窑 青花 莲花 缠枝纹 卷草纹,景德镇窑,,景德镇窑青花缠枝花卉纹瓶,,,,,
photo_166,明永乐景德镇窑青花花果纹碗,明,永乐,瓷器,日用品,高11.8厘米，口径25.9厘米，足径16.2厘米,瓷,碗,青花,莲花、灵芝、缠枝纹,,瓷 永乐 日用品 碗 景德镇窑 青花 莲花 灵芝 缠枝纹,景德镇窑,,景德镇窑青花花果纹碗,,,,,
photo_167,明宣德景德镇窑青花缠枝莲纹碗,明,宣德,瓷器,日用品,"高9.9厘米, 口径21.2厘米, 足径9.3厘米",瓷,碗,青花,莲花、花朵纹、弦纹,,瓷 宣德 日用品 碗 景德镇窑 青花 莲花 花朵纹 弦纹,景德镇窑,,景德镇窑青花缠枝莲纹碗,,大明宣德年制,,,
photo_168,明宣德景德镇窑青花缠枝莲纹碗,明,宣德,瓷器,日用品,高7.1厘米，口径20.3厘米，足径6.8厘米,瓷,碗,青花,莲花、缠枝纹、莲瓣纹,,瓷 宣德 日用品 碗 景德镇窑 青花 莲花 缠枝纹 莲瓣纹,景德镇窑,,景德镇窑青花缠枝莲纹碗,,大明宣德年制,,,
photo_169,青花缠枝花卉纹执壶,明,永乐、宣德,瓷器,日用品,高32.5厘米，口径7.3厘米，足径11.8厘米,瓷,执壶,青花,缠枝纹、卷草纹、回纹、莲瓣纹、花卉,陶瓷与中外交流专题馆,瓷 永乐 宣德 日用品 执壶 景德镇窑 青花 缠枝纹 卷草纹 回纹 莲瓣纹 花卉,景德镇窑,,景德镇窑青花缠枝花卉纹执壶,,大明宣德年制,,,
photo_170,明宣德景德镇窑青花折枝花果纹葵口碗,明,宣德,瓷器,日用品,高8厘米，口径22.75厘米，足径7.6厘米,瓷,碗,青花,牡丹、莲花、菊花、蔬果,,瓷 宣德 日用品 碗 景德镇窑 青花 牡丹 莲花 菊花 蔬果,景德镇窑,,景德镇窑青花折枝花果纹菱口碗,,大明宣德年制,,,
photo_171,青花花卉纹八角烛台,明,宣德,瓷器,日用品,高29.3厘米，口径9.3厘米，底径23.75厘米,瓷,烛台,青花,莲花、菊花、莲瓣纹、缠枝纹、如意纹、叶纹、锦纹,,瓷 宣德 日用品 烛台 景德镇窑 青花 莲花 菊花 莲瓣纹 缠枝纹 如意纹 叶纹 锦纹,景德镇窑,,景德镇窑青花缠枝花卉纹八角烛台,,,,,
photo_172,青花文字装饰卷叶纹器座,明,永乐,瓷器,日用品,高17.2厘米，口径17.1厘米，底径16.6厘米,瓷,器座,青花,团花、缠枝纹、莲瓣纹、文字、花卉,陶瓷与中外交流专题馆,瓷 永乐 日用品 器座 景德镇窑 青花 团花 缠枝纹 莲瓣纹 文字 花卉,景德镇窑,,景德镇窑青花缠枝花纹座,,,,,
photo_173,青花红彩海水瑞兽纹高足杯,明,宣德,瓷器,日用品,高9厘米，口径9.95厘米，底径4.5厘米,瓷,高足碗,青花红彩,波涛纹、神兽、鱼,中国古代陶瓷馆,瓷 宣德 日用品 高足碗 景德镇窑 青花红彩 波涛纹 神兽 鱼,景德镇窑,,景德镇窑青花红彩海水瑞兽纹高足碗,,大明宣德年制,,,
photo_174,明景德镇窑青釉划花缠枝莲纹碗,明,,瓷器,日用品,高9.4厘米，口径16.35厘米，足径5.1厘米,瓷,碗,青釉、刻划,莲花、缠枝纹,,瓷 日用品 碗 景德镇窑 青釉 刻划 莲花 缠枝纹,景德镇窑,,景德镇窑青釉划花缠枝莲纹碗,,,,,
photo_175,青花婴戏纹碗,明,正统-天顺,瓷器,日用品,高12.3厘米，口径22.55厘米，足径7.95厘米,瓷,碗,青花,婴戏、庭院、柳、石、山水、云、回纹,中国古代陶瓷馆,瓷 正统-天顺 日用品 碗 景德镇窑 青花 婴戏 庭院 柳 石 山水 云 回纹,景德镇窑,,景德镇窑青花婴戏纹碗,,,,,
photo_176,清雍正景德镇窑粉彩过枝桃牡丹纹盘,清,雍正,瓷器,,高9.1厘米，口径50.2厘米，底径29.9厘米,瓷,盘,粉彩,桃花、牡丹、灵芝,,瓷 雍正 盘 景德镇窑 粉彩 桃花 牡丹 灵芝,景德镇窑,,景德镇窑粉彩过枝桃牡丹纹盘,,大清雍正年制,,,
photo_177,彩陶圆圈纹壶,新石器时代,马家窑文化马厂类型,陶器,日用品,高40.5厘米，口径14.6厘米，底径11.9厘米，腹围120.5厘米,陶,壶,彩绘,几何纹,中国古代陶瓷馆,陶 马家窑文化马厂类型 日用品 壶 青海 彩绘 几何纹,青海,,马家窑文化马厂类型彩陶四圈纹壶,,,,,
